Date,Open,High,Low,Close,Adj Close,Volume,Ticker,Return
2023-08-02,195.0399932861328,195.17999267578125,191.8500061035156,192.5800018310547,190.6709442138672,50389300,AAPL,0.0
2023-08-03,191.57000732421875,192.3699951171875,190.69000244140625,191.1699981689453,189.27491760253903,61235200,AAPL,-0.007321651514710981
2023-08-04,185.5200042724609,187.3800048828125,181.9199981689453,181.9900054931641,180.18592834472656,115956800,AAPL,-0.048020048981056385
2023-08-07,182.1300048828125,183.1300048828125,177.35000610351562,178.85000610351562,177.0770721435547,97576100,AAPL,-0.0172536913834338
2023-08-08,179.69000244140625,180.2700042724609,177.5800018310547,179.8000030517578,178.01763916015625,67823000,AAPL,0.005311696482092065
2023-08-09,180.8699951171875,180.92999267578125,177.00999450683594,178.19000244140625,176.42361450195312,60378500,AAPL,-0.00895439701348677
2023-08-10,179.47999572753906,180.75,177.60000610351562,177.97000122070312,176.2057647705078,54686900,AAPL,-0.0012346440186814522
2023-08-11,177.32000732421875,178.6199951171875,176.5500030517578,177.7899932861328,176.26524353027344,52036700,AAPL,-0.0010114509936260951
2023-08-14,177.97000122070312,179.69000244140625,177.30999755859375,179.4600067138672,177.92095947265625,43675600,AAPL,0.009393180104611876
2023-08-15,178.8800048828125,179.47999572753906,177.0500030517578,177.4499969482422,175.9281768798828,43622600,AAPL,-0.01120032146677552
2023-08-16,177.1300048828125,178.5399932861328,176.5,176.57000732421875,175.0557403564453,46964900,AAPL,-0.004959085033290345
2023-08-17,177.13999938964844,177.50999450683594,173.47999572753906,174.0,172.50778198242188,66062900,AAPL,-0.014555174817995509
2023-08-18,172.3000030517578,175.10000610351562,171.9600067138672,174.49000549316406,172.9935760498047,61172200,AAPL,0.0028161235239314575
2023-08-21,175.07000732421875,176.1300048828125,173.74000549316406,175.83999633789062,174.33197021484375,46311900,AAPL,0.007736780344014926
2023-08-22,177.05999755859375,177.67999267578125,176.25,177.22999572753906,175.7100372314453,42038900,AAPL,0.007904910251348207
2023-08-23,178.52000427246094,181.5500030517578,178.3300018310547,181.1199951171875,179.56671142578125,52722800,AAPL,0.021948877071738204
2023-08-24,180.6699981689453,181.1000061035156,176.00999450683594,176.3800048828125,174.8673553466797,54945800,AAPL,-0.02617044148719283
2023-08-25,177.3800048828125,179.14999389648438,175.82000732421875,178.61000061035156,177.07823181152344,51449600,AAPL,0.01264313224744873
2023-08-28,180.08999633789062,180.58999633789065,178.5500030517578,180.19000244140625,178.64468383789062,43820700,AAPL,0.008846099466185864
2023-08-29,179.6999969482422,184.8999938964844,179.5,184.1199951171875,182.5409698486328,53003900,AAPL,0.02181027039532446
2023-08-30,184.94000244140625,187.8500061035156,184.7400054931641,187.6499938964844,186.0407257080078,60813900,AAPL,0.019172272827023162
2023-08-31,187.83999633789065,189.1199951171875,187.47999572753903,187.8699951171875,186.25880432128903,60794500,AAPL,0.001172401960345626
2023-09-01,189.4900054931641,189.9199981689453,188.27999877929688,189.4600067138672,187.83517456054688,45766500,AAPL,0.008463361036912254
2023-09-05,188.27999877929688,189.97999572753903,187.6100006103516,189.6999969482422,188.07313537597656,45280000,AAPL,0.0012667065653462206
2023-09-06,188.3999938964844,188.8500061035156,181.47000122070312,182.91000366210935,181.34136962890625,81755800,AAPL,-0.0357933231173716
2023-09-07,175.17999267578125,178.2100067138672,173.5399932861328,177.55999755859375,176.03724670410156,112488800,AAPL,-0.02924939039090879
2023-09-08,178.35000610351562,180.2400054931641,177.7899932861328,178.17999267578125,176.6519012451172,65551300,AAPL,0.0034917499758519988
2023-09-11,180.07000732421875,180.3000030517578,177.33999633789062,179.36000061035156,177.82179260253906,58953100,AAPL,0.006622561359722834
2023-09-12,179.49000549316406,180.1300048828125,174.82000732421875,176.3000030517578,174.78807067871094,90370200,AAPL,-0.017060646455066664
2023-09-13,176.50999450683594,177.3000030517578,173.97999572753906,174.2100067138672,172.71597290039062,84267900,AAPL,-0.011854771989295187
2023-09-14,174.0,176.10000610351562,173.5800018310547,175.74000549316406,174.2328643798828,60895800,AAPL,0.008782496529087691
2023-09-15,176.47999572753906,176.5,173.82000732421875,175.00999450683594,173.50909423828125,109259500,AAPL,-0.004153926047057777
2023-09-18,176.47999572753906,179.3800048828125,176.1699981689453,177.97000122070312,176.44371032714844,67257600,AAPL,0.016913358132535583
2023-09-19,177.52000427246094,179.6300048828125,177.1300048828125,179.07000732421875,177.53431701660156,51826900,AAPL,0.006180851244426799
2023-09-20,179.25999450683594,179.6999969482422,175.39999389648438,175.49000549316406,173.98500061035156,58436200,AAPL,-0.01999219123598317
2023-09-21,174.5500030517578,176.3000030517578,173.86000061035156,173.92999267578125,172.43836975097656,63149100,AAPL,-0.008889468166570769
2023-09-22,174.6699981689453,177.0800018310547,174.0500030517578,174.7899932861328,173.29100036621094,56725400,AAPL,0.0049445216268977354
2023-09-25,174.1999969482422,176.97000122070312,174.14999389648438,176.0800018310547,174.56993103027344,46172700,AAPL,0.00738033408360006
2023-09-26,174.82000732421875,175.1999969482422,171.66000366210938,171.9600067138672,170.48529052734375,64588900,AAPL,-0.023398427273646605
2023-09-27,172.6199951171875,173.0399932861328,169.0500030517578,170.42999267578125,168.96836853027344,66921800,AAPL,-0.008897499292564004
2023-09-28,169.33999633789062,172.02999877929688,167.6199951171875,170.69000244140625,169.22616577148438,56294400,AAPL,0.0015256103784480057
2023-09-29,172.02000427246094,173.07000732421875,170.33999633789062,171.2100067138672,169.74168395996094,51861100,AAPL,0.003046483478957418
2023-10-02,171.22000122070312,174.3000030517578,170.92999267578125,173.75,172.25991821289062,52164500,AAPL,0.014835542237771948
2023-10-03,172.25999450683594,173.6300048828125,170.82000732421875,172.39999389648438,170.9214630126953,49594600,AAPL,-0.007769819300809333
2023-10-04,171.08999633789062,174.2100067138672,170.97000122070312,173.66000366210938,172.17068481445312,53020300,AAPL,0.00730864159068112
2023-10-05,173.7899932861328,175.4499969482422,172.67999267578125,174.91000366210938,173.40997314453125,48527900,AAPL,0.007197972898999483
2023-10-06,173.8000030517578,177.99000549316406,173.17999267578125,177.49000549316406,175.9678497314453,57266700,AAPL,0.014750453244736894
2023-10-09,176.80999755859375,179.0500030517578,175.8000030517578,178.99000549316406,177.45498657226562,42390800,AAPL,0.008451180086631815
2023-10-10,178.10000610351562,179.72000122070312,177.9499969482422,178.38999938964844,176.86012268066406,43698000,AAPL,-0.00335217657467779
2023-10-11,178.1999969482422,179.85000610351562,177.60000610351562,179.8000030517578,178.25802612304688,47551100,AAPL,0.007904051050695804
2023-10-12,180.07000732421875,182.33999633789065,179.0399932861328,180.7100067138672,179.1602325439453,56743100,AAPL,0.005061199369654101
2023-10-13,181.4199981689453,181.92999267578125,178.13999938964844,178.85000610351562,177.31619262695312,51427100,AAPL,-0.01029273721015711
2023-10-16,176.75,179.0800018310547,176.50999450683594,178.72000122070312,177.18731689453125,52517000,AAPL,-0.0007268933652552212
2023-10-17,176.64999389648438,178.4199981689453,174.8000030517578,177.14999389648438,175.6307373046875,57549400,AAPL,-0.0087847320585005
2023-10-18,175.5800018310547,177.5800018310547,175.11000061035156,175.83999633789062,174.33197021484375,54764400,AAPL,-0.007394849583563845
2023-10-19,176.0399932861328,177.83999633789062,175.19000244140625,175.4600067138672,173.9552764892578,59302900,AAPL,-0.002160996541954341
2023-10-20,175.30999755859375,175.4199981689453,172.63999938964844,172.8800048828125,171.3973846435547,64244000,AAPL,-0.014704215959948308
2023-10-23,170.91000366210938,174.00999450683594,169.92999267578125,173.0,171.51634216308594,55980100,AAPL,0.0006940948276166203
2023-10-24,173.0500030517578,173.6699981689453,171.4499969482422,173.44000244140625,171.9525604248047,43816600,AAPL,0.0025433667133309967
2023-10-25,171.8800048828125,173.05999755859375,170.64999389648438,171.10000610351562,169.63267517089844,57157000,AAPL,-0.013491676112499795
2023-10-26,170.3699951171875,171.3800048828125,165.6699981689453,166.88999938964844,165.45877075195312,70625300,AAPL,-0.02460553222493822
2023-10-27,166.91000366210938,168.9600067138672,166.8300018310547,168.22000122070312,166.77734375,58499100,AAPL,0.007969332110484562
2023-10-30,169.02000427246094,171.1699981689453,168.8699951171875,170.2899932861328,168.82957458496094,51131000,AAPL,0.012305267212035398
2023-10-31,169.35000610351562,170.89999389648438,167.89999389648438,170.77000427246094,169.3054962158203,44846000,AAPL,0.0028187856318813154
2023-11-01,171.0,174.22999572753906,170.1199951171875,173.97000122070312,172.47802734375,56934900,AAPL,0.018738635990994235
2023-11-02,175.52000427246094,177.77999877929688,175.4600067138672,177.57000732421875,176.0471649169922,77334800,AAPL,0.020693257908003027
2023-11-03,174.24000549316406,176.82000732421875,173.35000610351562,176.64999389648438,175.13504028320312,79829200,AAPL,-0.005181130764130404
2023-11-06,176.3800048828125,179.42999267578125,176.2100067138672,179.22999572753906,177.69290161132812,63841300,AAPL,0.014605162299448304
2023-11-07,179.17999267578125,182.44000244140625,178.97000122070312,181.82000732421875,180.26071166992188,70530000,AAPL,0.014450770844278482
2023-11-08,182.3500061035156,183.4499969482422,181.58999633789065,182.88999938964844,181.32151794433597,49340300,AAPL,0.005884897273828127
2023-11-09,182.9600067138672,184.1199951171875,181.80999755859372,182.41000366210935,180.8456573486328,53763500,AAPL,-0.0026245050529879466
2023-11-10,183.97000122070312,186.57000732421875,183.52999877929688,186.3999938964844,185.0448760986328,66133400,AAPL,0.021873746802647975
2023-11-13,185.82000732421875,186.02999877929688,184.2100067138672,184.8000030517578,183.45654296875,43627500,AAPL,-0.008583642151915205
2023-11-14,187.6999969482422,188.1100006103516,186.3000030517578,187.44000244140625,186.0773162841797,60108400,AAPL,0.01428571074703422
2023-11-15,187.8500061035156,189.5,187.77999877929688,188.00999450683597,186.64317321777344,53790500,AAPL,0.003040930740533243
2023-11-16,189.57000732421875,190.9600067138672,188.6499938964844,189.7100067138672,188.33084106445312,54412900,AAPL,0.009042137421951812
2023-11-17,190.25,190.3800048828125,188.57000732421875,189.69000244140625,188.3109893798828,50922700,AAPL,-0.0001054465855937492
2023-11-20,189.88999938964844,191.91000366210935,189.8800048828125,191.4499969482422,190.05816650390625,46505100,AAPL,0.009278267089376957
2023-11-21,191.41000366210935,191.5200042724609,189.7400054931641,190.63999938964844,189.25405883789065,38134500,AAPL,-0.004230856994020926
2023-11-22,191.4900054931641,192.92999267578125,190.8300018310547,191.30999755859372,189.919189453125,39617700,AAPL,0.0035144679557823633
2023-11-24,190.8699951171875,190.8999938964844,189.25,189.97000122070312,188.5889434814453,24048300,AAPL,-0.007004319455287122
2023-11-27,189.9199981689453,190.6699981689453,188.8999938964844,189.7899932861328,188.4102478027344,40552600,AAPL,-0.0009475597905649336
2023-11-28,189.77999877929688,191.0800018310547,189.3999938964844,190.3999938964844,189.01580810546875,38415400,AAPL,0.003214082048213829
2023-11-29,190.8999938964844,192.08999633789065,188.97000122070312,189.3699951171875,187.9933013916016,43014200,AAPL,-0.0054096576277039565
2023-11-30,189.83999633789065,190.32000732421875,188.19000244140625,189.9499969482422,188.569091796875,48794400,AAPL,0.0030627968844576525
2023-12-01,190.3300018310547,191.55999755859372,189.22999572753903,191.2400054931641,189.8497009277344,45704800,AAPL,0.006791305952341897
2023-12-04,189.97999572753903,190.0500030517578,187.4499969482422,189.42999267578125,188.0528717041016,43389500,AAPL,-0.009464613916503661
2023-12-05,190.2100067138672,194.3999938964844,190.17999267578125,193.4199981689453,192.0138397216797,66628400,AAPL,0.02106321938149014
2023-12-06,194.4499969482422,194.75999450683597,192.1100006103516,192.32000732421875,190.9218597412109,41089700,AAPL,-0.0056870585003612195
2023-12-07,193.6300048828125,195.0,193.58999633789065,194.2700042724609,192.8576812744141,47477700,AAPL,0.010139334827264257
2023-12-08,194.1999969482422,195.9900054931641,193.6699981689453,195.7100067138672,194.2872009277344,53406400,AAPL,0.007412376639404972
2023-12-11,193.1100006103516,193.4900054931641,191.4199981689453,193.17999267578125,191.7755889892578,60943700,AAPL,-0.012927361664163084
2023-12-12,193.0800018310547,194.72000122070312,191.72000122070312,194.7100067138672,193.2944793701172,52696900,AAPL,0.007920147510585007
2023-12-13,195.08999633789065,198.0,194.8500061035156,197.9600067138672,196.52085876464844,70404200,AAPL,0.016691489332522957
2023-12-14,198.0200042724609,199.6199951171875,196.16000366210935,198.1100006103516,196.66976928710935,66831600,AAPL,0.000757697976345284
2023-12-15,197.52999877929688,198.3999938964844,197.0,197.57000732421875,196.1336975097656,128538400,AAPL,-0.002725724519050954
2023-12-18,196.08999633789065,196.6300048828125,194.38999938964844,195.88999938964844,194.4658966064453,55751900,AAPL,-0.008503355126233125
2023-12-19,196.16000366210935,196.9499969482422,195.88999938964844,196.94000244140625,195.5082855224609,40714100,AAPL,0.005360166700849378
2023-12-20,196.8999938964844,197.67999267578125,194.8300018310547,194.8300018310547,193.4136199951172,52242800,AAPL,-0.010713925988598105
2023-12-21,196.1000061035156,197.0800018310547,193.5,194.67999267578125,193.26467895507807,46482500,AAPL,-0.0007699489496669765
2023-12-22,195.17999267578125,195.41000366210935,192.97000122070312,193.6000061035156,192.19253540039065,37149600,AAPL,-0.005547496470601709
2023-12-26,193.6100006103516,193.88999938964844,192.8300018310547,193.0500030517578,191.64654541015625,28919300,AAPL,-0.0028409247645565516
2023-12-27,192.4900054931641,193.5,191.08999633789065,193.1499938964844,191.74583435058597,48087700,AAPL,0.0005179530854488856
2023-12-28,194.13999938964844,194.66000366210935,193.1699981689453,193.5800018310547,192.17269897460935,34049900,AAPL,0.002226290179438095
2023-12-29,193.8999938964844,194.3999938964844,191.72999572753903,192.52999877929688,191.13034057617188,42672100,AAPL,-0.005424129774904141
2024-01-02,187.1499938964844,188.44000244140625,183.88999938964844,185.63999938964844,184.29042053222656,82488700,AAPL,-0.03578662771169838
2024-01-03,184.22000122070312,185.8800048828125,183.42999267578125,184.25,182.9105224609375,58414500,AAPL,-0.007487607165581278
2024-01-04,182.1499938964844,183.08999633789065,180.8800048828125,181.91000366210935,180.5875396728516,71983600,AAPL,-0.012700115809447188
2024-01-05,181.9900054931641,182.75999450683597,180.1699981689453,181.17999267578125,179.8628387451172,62379700,AAPL,-0.004013033761925855
2024-01-08,182.08999633789065,185.6000061035156,181.5,185.55999755859372,184.21099853515625,59144500,AAPL,0.024174881663950654
2024-01-09,183.9199981689453,185.1499938964844,182.72999572753903,185.13999938964844,183.7940673828125,42841800,AAPL,-0.002263409002323691
2024-01-10,184.3500061035156,186.3999938964844,183.9199981689453,186.19000244140625,184.83642578125,46792900,AAPL,0.005671400319862574
2024-01-11,186.5399932861328,187.0500030517578,183.6199951171875,185.58999633789065,184.2407684326172,49128400,AAPL,-0.0032225473744457167
2024-01-12,186.05999755859372,186.7400054931641,185.19000244140625,185.9199981689453,184.56837463378903,40477800,AAPL,0.0017781229460980263
2024-01-16,182.16000366210935,184.25999450683597,180.92999267578125,183.6300048828125,182.29502868652344,65603000,AAPL,-0.012317089655153213
2024-01-17,181.2700042724609,182.92999267578125,180.3000030517578,182.67999267578125,181.3519287109375,47317400,AAPL,-0.005173512943255187
2024-01-18,186.08999633789065,189.13999938964844,185.8300018310547,188.6300048828125,187.2586669921875,78005800,AAPL,0.032570683411353496
2024-01-19,189.3300018310547,191.9499969482422,188.82000732421875,191.55999755859372,190.16737365722656,68903000,AAPL,0.015533014896551123
2024-01-22,192.3000030517578,195.3300018310547,192.25999450683597,193.88999938964844,192.48043823242188,60133900,AAPL,0.012163300588589943
2024-01-23,195.0200042724609,195.75,193.8300018310547,195.17999267578125,193.76104736328125,42355600,AAPL,0.006653222395139657
2024-01-24,195.4199981689453,196.3800048828125,194.33999633789065,194.5,193.08599853515625,53631300,AAPL,-0.0034839261261312426
2024-01-25,195.22000122070312,196.2700042724609,193.1100006103516,194.1699981689453,192.7584228515625,54822100,AAPL,-0.0016966675118492702
2024-01-26,194.2700042724609,194.75999450683597,191.94000244140625,192.4199981689453,191.0211181640625,44594000,AAPL,-0.009012720896651283
2024-01-29,192.00999450683597,192.1999969482422,189.5800018310547,191.72999572753903,190.33612060546875,47145600,AAPL,-0.003585918553020928
2024-01-30,190.94000244140625,191.8000030517578,187.47000122070312,188.0399932861328,186.67295837402344,55859400,AAPL,-0.01924582758897031
2024-01-31,187.0399932861328,187.1000061035156,184.3500061035156,184.3999938964844,183.05943298339844,55467800,AAPL,-0.01935758093816553
2024-02-01,183.9900054931641,186.9499969482422,183.82000732421875,186.8600006103516,185.50157165527344,64885400,AAPL,0.013340600842146166
2024-02-02,179.86000061035156,187.3300018310547,179.25,185.8500061035156,184.4989013671875,102551700,AAPL,-0.0054050867148506265
2024-02-05,188.1499938964844,189.25,185.83999633789065,187.67999267578125,186.31558227539065,69668800,AAPL,0.009846577950857638
2024-02-06,186.8600006103516,189.30999755859372,186.7700042724609,189.3000030517578,187.9238128662109,43490800,AAPL,0.0086317691773099
2024-02-07,190.63999938964844,191.0500030517578,188.6100006103516,189.41000366210935,188.03302001953125,53439000,AAPL,0.0005810914346444651
2024-02-08,189.38999938964844,189.5399932861328,187.3500061035156,188.32000732421875,186.95095825195312,40962000,AAPL,-0.005754692554861274
2024-02-09,188.6499938964844,189.9900054931641,188.0,188.8500061035156,187.71632385253903,45155200,AAPL,0.0028143519471321987
2024-02-12,188.4199981689453,188.6699981689453,186.7899932861328,187.1499938964844,186.0265045166016,41781900,AAPL,-0.009001917670573678
2024-02-13,185.7700042724609,186.2100067138672,183.50999450683597,185.0399932861328,183.9291839599609,56529500,AAPL,-0.01127438246948953
2024-02-14,185.32000732421875,185.52999877929688,182.44000244140625,184.1499938964844,183.0445098876953,54630500,AAPL,-0.004809767736384307
2024-02-15,183.5500030517578,184.4900054931641,181.3500061035156,183.8600006103516,182.7562561035156,65434500,AAPL,-0.0015747667431138535
2024-02-16,183.4199981689453,184.8500061035156,181.6699981689453,182.30999755859372,181.21556091308597,49752500,AAPL,-0.008430343993323208
2024-02-20,181.7899932861328,182.42999267578125,180.0,181.55999755859372,180.4700469970703,53665600,AAPL,-0.004113872031395016
2024-02-21,181.94000244140625,182.88999938964844,180.66000366210935,182.32000732421875,181.22552490234372,41371400,AAPL,0.004185997884141646
2024-02-22,183.47999572753903,184.9600067138672,182.4600067138672,184.3699951171875,183.26321411132807,52292200,AAPL,0.011243899246467626
2024-02-23,185.00999450683597,185.0399932861328,182.22999572753903,182.5200042724609,181.4243011474609,45119700,AAPL,-0.010034121026855414
2024-02-26,182.2400054931641,182.75999450683597,180.6499938964844,181.16000366210935,180.07247924804688,40867400,AAPL,-0.007451241390074692
2024-02-27,181.1000061035156,183.9199981689453,179.55999755859375,182.6300048828125,181.5336456298828,54318900,AAPL,0.008114380608232441
2024-02-28,182.50999450683597,183.1199951171875,180.1300048828125,181.4199981689453,180.33091735839844,48953900,AAPL,-0.006625454095802064
2024-02-29,181.2700042724609,182.57000732421875,179.52999877929688,180.75,179.66494750976562,136682600,AAPL,-0.003693077806788292
2024-03-01,179.5500030517578,180.52999877929688,177.3800048828125,179.66000366210938,178.5814666748047,73563100,AAPL,-0.00603040850838521
2024-03-04,176.14999389648438,176.89999389648438,173.7899932861328,175.10000610351562,174.04885864257812,81510100,AAPL,-0.025381261636673647
2024-03-05,170.75999450683594,172.0399932861328,169.6199951171875,170.1199951171875,169.09872436523438,95132400,AAPL,-0.028440952671264008
2024-03-06,171.05999755859375,171.24000549316406,168.67999267578125,169.1199951171875,168.104736328125,68587700,AAPL,-0.005878203789690617
2024-03-07,169.14999389648438,170.72999572753906,168.49000549316406,169.0,167.9854736328125,71765100,AAPL,-0.0007095264939214196
2024-03-08,169.0,173.6999969482422,168.94000244140625,170.72999572753906,169.705078125,76267000,AAPL,0.010236661109698675
2024-03-11,172.94000244140625,174.3800048828125,172.0500030517578,172.75,171.7129669189453,60139500,AAPL,0.01183157220764297
2024-03-12,173.14999389648438,174.02999877929688,171.00999450683594,173.22999572753906,172.19007873535156,59825400,AAPL,0.002778557033511264
2024-03-13,172.77000427246094,173.19000244140625,170.75999450683594,171.1300048828125,170.10269165039062,52488700,AAPL,-0.012122559005482425
2024-03-14,172.91000366210938,174.30999755859375,172.0500030517578,173.0,171.96145629882812,72913500,AAPL,0.010927336316434166
2024-03-15,171.1699981689453,172.6199951171875,170.2899932861328,172.6199951171875,171.58372497558594,121752700,AAPL,-0.002196560016257232
2024-03-18,175.57000732421875,177.7100067138672,173.52000427246094,173.72000122070312,172.67715454101562,75604200,AAPL,0.006372414173507979
2024-03-19,174.33999633789062,176.61000061035156,173.02999877929688,176.0800018310547,175.02296447753906,55215200,AAPL,0.013585082856137465
2024-03-20,175.72000122070312,178.6699981689453,175.08999633789062,178.6699981689453,177.59742736816406,53423100,AAPL,0.014709202129471022
2024-03-21,177.0500030517578,177.49000549316406,170.83999633789062,171.3699951171875,170.34124755859375,106181300,AAPL,-0.04085746418856029
2024-03-22,171.75999450683594,173.0500030517578,170.05999755859375,172.27999877929688,171.24578857421875,71160100,AAPL,0.005310169154682409
2024-03-25,170.57000732421875,171.94000244140625,169.4499969482422,170.85000610351562,169.82437133789062,54288300,AAPL,-0.0083003986876804
2024-03-26,170.0,171.4199981689453,169.5800018310547,169.7100067138672,168.69122314453125,57388400,AAPL,-0.006672515943357493
2024-03-27,170.41000366210938,173.60000610351562,170.11000061035156,173.30999755859375,172.2696075439453,60273300,AAPL,0.021212602099510702
2024-03-28,171.75,172.22999572753906,170.50999450683594,171.47999572753906,170.4505615234375,65672700,AAPL,-0.010559124440792766
2024-04-01,171.19000244140625,171.25,169.47999572753906,170.02999877929688,169.00929260253906,46240500,AAPL,-0.008455779008450959
2024-04-02,169.0800018310547,169.33999633789062,168.22999572753906,168.83999633789062,167.82643127441406,49329500,AAPL,-0.006998779332762939
2024-04-03,168.7899932861328,170.67999267578125,168.5800018310547,169.64999389648438,168.63156127929688,47691700,AAPL,0.004797427008780275
2024-04-04,170.2899932861328,171.9199981689453,168.82000732421875,168.82000732421875,167.8065643310547,53704400,AAPL,-0.00489234660846527
2024-04-05,169.58999633789062,170.38999938964844,168.9499969482422,169.5800018310547,168.56198120117188,42104800,AAPL,0.004501803541427263
2024-04-08,169.02999877929688,169.1999969482422,168.24000549316406,168.4499969482422,167.43878173828125,37425500,AAPL,-0.0066635503633162285
2024-04-09,168.6999969482422,170.0800018310547,168.35000610351562,169.6699981689453,168.6514434814453,42373800,AAPL,0.007242512572309456
2024-04-10,168.8000030517578,169.08999633789062,167.11000061035156,167.77999877929688,166.7727813720703,49709300,AAPL,-0.01113926687125033
2024-04-11,168.33999633789062,175.4600067138672,168.16000366210938,175.0399932861328,173.9892120361328,91070300,AAPL,0.04327091762818491
2024-04-12,174.25999450683594,178.36000061035156,174.2100067138672,176.5500030517578,175.4901580810547,101670900,AAPL,0.00862665575607413
2024-04-15,175.36000061035156,176.6300048828125,172.5,172.69000244140625,171.6533203125,73531800,AAPL,-0.021863497839872292
2024-04-16,171.75,173.75999450683594,168.27000427246094,169.3800048828125,168.36318969726562,73711200,AAPL,-0.019167279586534414
2024-04-17,169.61000061035156,170.64999389648438,168.0,168.0,166.99147033691406,50901200,AAPL,-0.008147389556206863
2024-04-18,168.02999877929688,168.63999938964844,166.5500030517578,167.0399932861328,166.0372314453125,43122900,AAPL,-0.0057143256777808515
2024-04-19,166.2100067138672,166.39999389648438,164.0800018310547,165.0,164.0094757080078,68149400,AAPL,-0.012212603975853775
2024-04-22,165.52000427246094,167.25999450683594,164.77000427246094,165.83999633789062,164.8444366455078,48116400,AAPL,0.005090886896306879
2024-04-23,165.35000610351562,167.0500030517578,164.9199981689453,166.89999389648438,165.8980712890625,49537800,AAPL,0.006391688265803275
2024-04-24,166.5399932861328,169.3000030517578,166.2100067138672,169.02000427246094,168.00537109375,48251800,AAPL,0.012702279529689164
2024-04-25,169.52999877929688,170.61000061035156,168.14999389648438,169.88999938964844,168.87014770507812,50558300,AAPL,0.005147290824730311
2024-04-26,169.8800048828125,171.33999633789062,169.17999267578125,169.3000030517578,168.28366088867188,44838400,AAPL,-0.003472813820767917
2024-04-29,173.3699951171875,176.02999877929688,173.10000610351562,173.5,172.45843505859375,68169400,AAPL,0.024808014604454476
2024-04-30,173.3300018310547,174.99000549316406,170.0,170.3300018310547,169.30747985839844,65934800,AAPL,-0.01827088281812861
2024-05-01,169.5800018310547,172.7100067138672,169.11000061035156,169.3000030517578,168.28366088867188,50383100,AAPL,-0.006047077838456816
2024-05-02,172.50999450683594,173.4199981689453,170.88999938964844,173.02999877929688,171.9912872314453,94214900,AAPL,0.02203187040935095
2024-05-03,186.6499938964844,187.0,182.66000366210935,183.3800048828125,182.27914428710935,163224100,AAPL,0.05981625253732603
2024-05-06,182.3500061035156,184.1999969482422,180.4199981689453,181.7100067138672,180.61917114257807,78569700,AAPL,-0.009106762593950823
2024-05-07,183.4499969482422,184.8999938964844,181.32000732421875,182.3999938964844,181.30502319335935,77305800,AAPL,0.0037971886914500708
2024-05-08,182.8500061035156,183.07000732421875,181.4499969482422,182.7400054931641,181.6429901123047,45057100,AAPL,0.0018640987283840005
2024-05-09,182.55999755859372,184.66000366210935,182.1100006103516,184.57000732421875,183.46202087402344,48983000,AAPL,0.010014237583697128
2024-05-10,184.8999938964844,185.08999633789065,182.1300048828125,183.0500030517578,182.19793701171875,50759500,AAPL,-0.008235380680192916
2024-05-13,185.44000244140625,187.1000061035156,184.6199951171875,186.27999877929688,185.41287231445312,72044800,AAPL,0.017645428427694565
2024-05-14,187.50999450683597,188.3000030517578,186.2899932861328,187.42999267578125,186.55751037597656,52393600,AAPL,0.006173469529849429
2024-05-15,187.91000366210935,190.6499938964844,187.3699951171875,189.72000122070312,188.8368682861328,70400000,AAPL,0.012217940748059153
2024-05-16,190.47000122070312,191.1000061035156,189.66000366210935,189.83999633789065,188.9563140869141,52845200,AAPL,0.000632485327932919
2024-05-17,189.50999450683597,190.80999755859372,189.17999267578125,189.8699951171875,188.9861602783203,41282900,AAPL,0.00015802138577503122
2024-05-20,189.3300018310547,191.9199981689453,189.00999450683597,191.0399932861328,190.15072631835935,44361300,AAPL,0.006162101432736655
2024-05-21,191.08999633789065,192.72999572753903,190.9199981689453,192.3500061035156,191.4546356201172,42309400,AAPL,0.006857270013722605
2024-05-22,192.2700042724609,192.82000732421875,190.2700042724609,190.8999938964844,190.0113677978516,34648500,AAPL,-0.007538404788252739
2024-05-23,190.97999572753903,191.0,186.6300048828125,186.8800048828125,186.01010131835935,51005900,AAPL,-0.02105808874908477
2024-05-24,188.82000732421875,190.5800018310547,188.0399932861328,189.97999572753903,189.0956573486328,36327000,AAPL,0.01658813550797178
2024-05-28,191.50999450683597,193.0,189.1000061035156,189.9900054931641,189.1056060791016,52280100,AAPL,5.268852431927762e-05
2024-05-29,189.6100006103516,192.25,189.50999450683597,190.2899932861328,189.4042205810547,53068000,AAPL,0.0015789661787208864
2024-05-30,190.75999450683597,192.17999267578125,190.6300048828125,191.2899932861328,190.39956665039065,49889100,AAPL,0.005255137081729533
2024-05-31,191.44000244140625,192.57000732421875,189.91000366210935,192.25,191.35508728027344,75158300,AAPL,0.005018593484036549
2024-06-03,192.8999938964844,194.9900054931641,192.5200042724609,194.02999877929688,193.12680053710935,50080500,AAPL,0.009258771283728873
2024-06-04,194.63999938964844,195.32000732421875,193.02999877929688,194.3500061035156,193.4453125,47471400,AAPL,0.0016492672588361845
2024-06-05,195.3999938964844,196.8999938964844,194.8699951171875,195.8699951171875,194.95823669433597,54156800,AAPL,0.007820884826020169
2024-06-06,195.69000244140625,196.5,194.1699981689453,194.47999572753903,193.57472229003903,41181800,AAPL,-0.007096540686677644
2024-06-07,194.6499938964844,196.94000244140625,194.13999938964844,196.88999938964844,195.97348022460935,53103900,AAPL,0.01239203884745943
2024-06-10,196.8999938964844,197.3000030517578,192.1499938964844,193.1199951171875,192.2210235595703,97010200,AAPL,-0.019147769232301326
2024-06-11,193.6499938964844,207.16000366210935,193.6300048828125,207.1499938964844,206.18572998046875,172373300,AAPL,0.07264912559045644
2024-06-12,207.3699951171875,220.1999969482422,206.8999938964844,213.07000732421875,212.0782012939453,198134300,AAPL,0.02857839054869893
2024-06-13,214.7400054931641,216.75,211.6000061035156,214.2400054931641,213.2427520751953,97862700,AAPL,0.005491144359726752
2024-06-14,213.8500061035156,215.1699981689453,211.3000030517578,212.4900054931641,211.50086975097656,70122700,AAPL,-0.008168409051202308
2024-06-17,213.3699951171875,218.9499969482422,212.72000122070312,216.6699981689453,215.6614227294922,93728300,AAPL,0.019671478976528656
2024-06-18,217.58999633789065,218.6300048828125,213.0,214.2899932861328,213.29248046875,79943300,AAPL,-0.010984469021671939
2024-06-20,213.92999267578125,214.2400054931641,208.8500061035156,209.67999267578125,208.70394897460935,86172500,AAPL,-0.021512906597537684
2024-06-21,210.38999938964844,211.88999938964844,207.1100006103516,207.4900054931641,206.524169921875,241805100,AAPL,-0.010444426073609403
2024-06-24,207.72000122070312,212.6999969482422,206.58999633789065,208.13999938964844,207.17112731933597,80727000,AAPL,0.00313265159417897
2024-06-25,209.1499938964844,211.3800048828125,208.6100006103516,209.07000732421875,208.09678649902344,55549700,AAPL,0.004468184574312861
2024-06-26,211.5,214.8600006103516,210.63999938964844,213.25,212.25733947753903,66213200,AAPL,0.01999326794540668
2024-06-27,214.69000244140625,215.7400054931641,212.3500061035156,214.1000061035156,213.10340881347656,49772700,AAPL,0.003985960626099017
2024-06-28,215.7700042724609,216.07000732421875,210.3000030517578,210.6199951171875,209.6395721435547,82542700,AAPL,-0.016254137725925766
2024-07-01,212.08999633789065,217.50999450683597,211.9199981689453,216.75,215.74105834960935,60402900,AAPL,0.029104572333703782
2024-07-02,216.1499938964844,220.3800048828125,215.1000061035156,220.2700042724609,219.24465942382807,58046200,AAPL,0.016239927439265944
2024-07-03,220.0,221.5500030517578,219.02999877929688,221.5500030517578,220.51870727539065,37369800,AAPL,0.0058110444203451905
2024-07-05,221.6499938964844,226.4499969482422,221.6499938964844,226.33999633789065,225.2863922119141,60412400,AAPL,0.021620371113304948
2024-07-08,227.08999633789065,227.8500061035156,223.25,227.82000732421875,226.7595367431641,59085900,AAPL,0.00653888402524605
2024-07-09,227.92999267578125,229.3999938964844,226.3699951171875,228.67999267578125,227.61550903320312,48076100,AAPL,0.00377484559702701
2024-07-10,229.3000030517578,233.0800018310547,229.25,232.97999572753903,231.8955078125,62627700,AAPL,0.018803582252402196
2024-07-11,231.38999938964844,232.38999938964844,225.7700042724609,227.57000732421875,226.5106964111328,64710600,AAPL,-0.023220827978926772
2024-07-12,228.9199981689453,232.63999938964844,228.67999267578125,230.5399932861328,229.46685791015625,53046500,AAPL,0.013050867277438316
2024-07-15,236.47999572753903,237.22999572753903,233.08999633789065,234.3999938964844,233.3088836669922,62631300,AAPL,0.01674330147811176
2024-07-16,235.0,236.2700042724609,232.3300018310547,234.82000732421875,233.7269287109375,43234300,AAPL,0.0017918662059344115
2024-07-17,229.4499969482422,231.4600067138672,226.63999938964844,228.8800048828125,227.8145904541016,57345900,AAPL,-0.025295980990260425
2024-07-18,230.27999877929688,230.44000244140625,222.2700042724609,224.17999267578125,223.13645935058597,66034600,AAPL,-0.020534830945314275
2024-07-19,224.82000732421875,226.8000030517578,223.27999877929688,224.30999755859372,223.26583862304688,49151500,AAPL,0.0005799129586041563
2024-07-22,227.00999450683597,227.77999877929688,223.08999633789065,223.9600067138672,222.91749572753903,48201800,AAPL,-0.0015602998017737457
2024-07-23,224.3699951171875,226.94000244140625,222.67999267578125,225.00999450683597,223.96258544921875,39960300,AAPL,0.004688282557118617
2024-07-24,224.0,224.8000030517578,217.1300048828125,218.5399932861328,217.522705078125,61777600,AAPL,-0.028754283714746642
2024-07-25,218.92999267578125,220.8500061035156,214.6199951171875,217.4900054931641,216.4776153564453,51391200,AAPL,-0.004804556718339348
2024-07-26,218.6999969482422,219.4900054931641,216.00999450683597,217.9600067138672,216.94541931152344,41601300,AAPL,0.002161024455525462
2024-07-29,216.9600067138672,219.3000030517578,215.75,218.2400054931641,217.22412109375,36311800,AAPL,0.0012846337432190769
2024-07-30,219.19000244140625,220.3300018310547,216.1199951171875,218.8000030517578,217.7815093994141,41643800,AAPL,0.0025659711533101426
2024-07-31,221.44000244140625,223.82000732421875,220.6300048828125,222.0800018310547,221.04623413085935,50036300,AAPL,0.014990853444005525
2024-08-01,224.3699951171875,224.47999572753903,217.0200042724609,218.3600006103516,217.3435516357422,62501000,AAPL,-0.016750725819666745
2024-08-02,219.1499938964844,225.6000061035156,217.7100067138672,219.8600006103516,218.83657836914065,105568600,AAPL,0.006869389978967133
2024-08-05,199.08999633789065,213.5,196.0,209.2700042724609,208.29586791992188,119548600,AAPL,-0.04816699858315232
2024-08-06,205.3000030517578,209.9900054931641,201.07000732421875,207.22999572753903,206.26536560058597,69660500,AAPL,-0.009748212850733573
2024-08-07,206.8999938964844,213.63999938964844,206.38999938964844,209.82000732421875,208.84332275390625,63516400,AAPL,0.012498246634550902
2024-08-08,213.1100006103516,214.1999969482422,208.8300018310547,213.30999755859372,212.31704711914065,47161100,AAPL,0.016633257613904107
2024-08-09,212.1000061035156,216.77999877929688,211.97000122070312,216.2400054931641,215.23342895507807,42201600,AAPL,0.013735914716165754
2024-08-12,216.07000732421875,219.50999450683597,215.6000061035156,217.52999877929688,216.76803588867188,38028100,AAPL,0.005965562584919315
2024-08-13,219.00999450683597,221.88999938964844,219.00999450683597,221.2700042724609,220.49493408203125,44155300,AAPL,0.017193056195245138
2024-08-14,220.57000732421875,223.02999877929688,219.6999969482422,221.72000122070312,220.943359375,41960600,AAPL,0.0020337006352117992
2024-08-15,224.6000061035156,225.3500061035156,222.75999450683597,224.72000122070312,223.93284606933597,46414000,AAPL,0.01353057903429189
2024-08-16,223.9199981689453,226.8300018310547,223.6499938964844,226.0500030517578,225.25819396972656,44340200,AAPL,0.0059184844421056315
2024-08-19,225.72000122070312,225.9900054931641,223.0399932861328,225.88999938964844,225.0987548828125,40687800,AAPL,-0.0007078241979617816
2024-08-20,225.7700042724609,227.1699981689453,225.4499969482422,226.50999450683597,225.7165679931641,30299000,AAPL,0.0027446771387080737
2024-08-21,226.5200042724609,227.97999572753903,225.0500030517578,226.3999938964844,225.60696411132807,34765500,AAPL,-0.00048563247988708813
2024-08-22,227.7899932861328,228.33999633789065,223.8999938964844,224.52999877929688,223.74351501464844,43695300,AAPL,-0.008259695969967784
2024-08-23,225.66000366210935,228.22000122070312,224.3300018310547,226.83999633789065,226.04541015625,38677300,AAPL,0.010288146667049247
2024-08-26,226.75999450683597,227.27999877929688,223.88999938964844,227.17999267578125,226.3842315673828,30602200,AAPL,0.0014988376978464224
2024-08-27,226.0,228.8500061035156,224.88999938964844,228.02999877929688,227.2312469482422,35934600,AAPL,0.0037415535298863656
2024-08-28,227.9199981689453,229.8600006103516,225.67999267578125,226.4900054931641,225.69664001464844,38052200,AAPL,-0.006753467940081359
2024-08-29,230.1000061035156,232.9199981689453,228.8800048828125,229.7899932861328,228.98507690429688,51906300,AAPL,0.014570125448949867
2024-08-30,230.19000244140625,230.3999938964844,227.47999572753903,229.0,228.19786071777344,52990800,AAPL,-0.0034378924636161434
2024-09-03,228.5500030517578,229.0,221.1699981689453,222.7700042724609,221.9896697998047,50190600,AAPL,-0.027205221517637934
2024-09-04,221.66000366210935,221.77999877929688,217.47999572753903,220.8500061035156,220.076416015625,43840200,AAPL,-0.00861874638471094
2024-09-05,221.6300048828125,225.47999572753903,221.5200042724609,222.3800048828125,221.60104370117188,36615400,AAPL,0.006927773316790287
2024-09-06,223.9499969482422,225.2400054931641,219.7700042724609,220.82000732421875,220.0465087890625,48423000,AAPL,-0.007015008203708928
2024-09-09,220.82000732421875,221.2700042724609,216.7100067138672,220.91000366210935,220.13619995117188,67180000,AAPL,0.0004075551802624755
2024-09-10,218.9199981689453,221.47999572753903,216.72999572753903,220.1100006103516,219.3389892578125,51591000,AAPL,-0.0036213980285899616
2024-09-11,221.4600067138672,223.08999633789065,217.88999938964844,222.66000366210935,221.88006591796875,44587100,AAPL,0.011585130365211693
2024-09-12,222.5,223.5500030517578,219.82000732421875,222.7700042724609,221.9896697998047,37455600,AAPL,0.0004940295003250661
2024-09-13,223.5800018310547,224.0399932861328,221.91000366210935,222.5,221.7206268310547,36766600,AAPL,-0.001212031545013037
2024-09-16,216.5399932861328,217.22000122070312,213.9199981689453,216.32000732421875,215.56228637695312,59357400,AAPL,-0.027775247981039364
2024-09-17,215.75,216.8999938964844,214.5,216.7899932861328,216.03062438964844,45519300,AAPL,0.0021726421320320544
2024-09-18,217.5500030517578,222.7100067138672,217.5399932861328,220.69000244140625,219.91696166992188,59894900,AAPL,0.017989802463465043
2024-09-19,224.9900054931641,229.82000732421875,224.6300048828125,228.8699951171875,228.06829833984372,66781300,AAPL,0.03706553348719566
2024-09-20,229.97000122070312,233.08999633789065,227.6199951171875,228.1999969482422,227.4006500244141,318679900,AAPL,-0.002927418111763669
2024-09-23,227.33999633789065,229.4499969482422,225.80999755859372,226.47000122070312,225.67672729492188,54146000,AAPL,-0.007581050616453089
2024-09-24,228.6499938964844,229.3500061035156,225.72999572753903,227.3699951171875,226.5735626220703,43556100,AAPL,0.0039740093241191765
2024-09-25,224.92999267578125,227.2899932861328,224.0200042724609,226.3699951171875,225.5770568847656,42308700,AAPL,-0.004398117700115112
2024-09-26,227.3000030517578,228.5,225.41000366210935,227.5200042724609,226.72303771972656,36636700,AAPL,0.005080219022304933
2024-09-27,228.4600067138672,229.5200042724609,227.3000030517578,227.7899932861328,226.9920959472656,34026000,AAPL,0.0011866605511687833
2024-09-30,230.0399932861328,233.0,229.6499938964844,233.0,232.1838531494141,54541900,AAPL,0.02287197360475246
2024-10-01,229.5200042724609,229.6499938964844,223.7400054931641,226.2100067138672,225.41763305664065,63285000,AAPL,-0.029141602086406926
2024-10-02,225.88999938964844,227.3699951171875,223.0200042724609,226.77999877929688,225.98562622070312,32880600,AAPL,0.002519747352073054
2024-10-03,225.13999938964844,226.80999755859372,223.32000732421875,225.6699981689453,224.87950134277344,34044200,AAPL,-0.004894614235498862
2024-10-04,227.8999938964844,228.0,224.1300048828125,226.8000030517578,226.0055694580078,37245100,AAPL,0.005007333238716605
2024-10-07,224.5,225.69000244140625,221.3300018310547,221.69000244140625,220.91346740722656,39505400,AAPL,-0.022530866585506182
2024-10-08,224.3000030517578,225.97999572753903,223.25,225.7700042724609,224.9791717529297,31855700,AAPL,0.018404085823098937
2024-10-09,225.22999572753903,229.75,224.8300018310547,229.5399932861328,228.7359619140625,33591100,AAPL,0.01669836090857424
2024-10-10,227.77999877929688,229.5,227.1699981689453,229.0399932861328,228.2377166748047,28183500,AAPL,-0.0021782696463562568
2024-10-11,229.3000030517578,229.41000366210935,227.33999633789065,227.5500030517578,226.7529296875,31759200,AAPL,-0.006505371454991304
2024-10-14,228.6999969482422,231.72999572753903,228.6000061035156,231.3000030517578,230.48980712890625,39882100,AAPL,0.01647989430765695
2024-10-15,233.6100006103516,237.4900054931641,232.3699951171875,233.8500061035156,233.03086853027344,64751400,AAPL,0.011024656368842312
2024-10-16,231.6000061035156,232.1199951171875,229.83999633789065,231.77999877929688,230.96810913085935,34082200,AAPL,-0.008851859184054955
2024-10-17,233.42999267578125,233.8500061035156,230.5200042724609,232.1499938964844,231.3368225097656,32993800,AAPL,0.0015963203000093351
2024-10-18,236.17999267578125,236.17999267578125,234.00999450683597,235.0,234.1768341064453,46431500,AAPL,0.01227657195109133
2024-10-21,234.4499969482422,236.8500061035156,234.4499969482422,236.47999572753903,235.6516571044922,36254500,AAPL,0.00629785415974049
2024-10-22,233.88999938964844,236.22000122070312,232.6000061035156,235.8600006103516,235.0338287353516,38846600,AAPL,-0.002621765597043413
2024-10-23,234.0800018310547,235.13999938964844,227.75999450683597,230.75999450683597,229.95169067382807,52287000,AAPL,-0.021623022514703494
2024-10-24,229.97999572753903,230.82000732421875,228.41000366210935,230.57000732421875,229.76235961914065,31109500,AAPL,-0.0008233107433688325
2024-10-25,229.7400054931641,233.22000122070312,229.57000732421875,231.41000366210935,230.5994110107422,38802300,AAPL,0.0036431292501519774
2024-10-28,233.32000732421875,234.72999572753903,232.5500030517578,233.3999938964844,232.5824432373047,36087100,AAPL,0.008599413175243376
2024-10-29,233.1000061035156,234.3300018310547,232.32000732421875,233.6699981689453,232.85150146484372,35417200,AAPL,0.0011568306748999113
2024-10-30,232.6100006103516,233.47000122070312,229.5500030517578,230.1000061035156,229.29400634765625,47070900,AAPL,-0.015277922255336307
2024-10-31,229.33999633789065,229.8300018310547,225.3699951171875,225.91000366210935,225.11868286132807,64370100,AAPL,-0.01820948426885871
2024-11-01,220.97000122070312,225.3500061035156,220.2700042724609,222.91000366210935,222.12918090820312,65276700,AAPL,-0.013279624414008095
2024-11-04,220.9900054931641,222.7899932861328,219.7100067138672,222.00999450683597,221.2323303222656,44944500,AAPL,-0.004037544930633241
2024-11-05,221.8000030517578,223.9499969482422,221.13999938964844,223.4499969482422,222.66729736328125,28111300,AAPL,0.006486205472888695
2024-11-06,222.6100006103516,226.07000732421875,221.19000244140625,222.72000122070312,221.9398498535156,54561100,AAPL,-0.0032669310248778505
2024-11-07,224.6300048828125,227.8800048828125,224.57000732421875,227.47999572753903,226.68316650390625,42137700,AAPL,0.02137210165565251
2024-11-08,227.1699981689453,228.66000366210935,226.41000366210935,226.9600067138672,226.4138336181641,38328800,AAPL,-0.0022858669924306074
2024-11-11,225.0,225.6999969482422,221.5,224.22999572753903,223.69039916992188,42005600,AAPL,-0.0120285993371948
2024-11-12,224.5500030517578,225.58999633789065,223.3600006103516,224.22999572753903,223.69039916992188,40398300,AAPL,0.0
2024-11-13,224.00999450683597,226.6499938964844,222.75999450683597,225.1199951171875,224.5782470703125,48566200,AAPL,0.003969136184303723
2024-11-14,225.0200042724609,228.8699951171875,225.0,228.22000122070312,227.67079162597656,44923900,AAPL,0.013770460957508002
2024-11-15,226.3999938964844,226.9199981689453,224.2700042724609,225.0,224.4585418701172,47923700,AAPL,-0.014109198157391867
2024-11-18,225.25,229.7400054931641,225.1699981689453,228.0200042724609,227.4712677001953,44633700,AAPL,0.013422241210937269
2024-11-19,226.97999572753903,230.16000366210935,226.66000366210935,228.27999877929688,227.73065185546875,36211800,AAPL,0.0011402267431119828
2024-11-20,228.05999755859372,229.92999267578125,225.88999938964844,229.0,228.44891357421875,35169600,AAPL,0.0031540267415159917
2024-11-21,228.8800048828125,230.16000366210935,225.7100067138672,228.5200042724609,227.97007751464844,42108300,AAPL,-0.002096051211961103
2024-11-22,228.05999755859372,230.72000122070312,228.05999755859372,229.8699951171875,229.3168182373047,38168300,AAPL,0.005907539031537068
2024-11-25,231.4600067138672,233.25,229.7400054931641,232.8699951171875,232.30960083007807,90152800,AAPL,0.013050855108212911
2024-11-26,233.3300018310547,235.57000732421875,233.3300018310547,235.05999755859372,234.49432373046875,45986200,AAPL,0.009404399395912533
2024-11-27,234.47000122070312,235.69000244140625,233.80999755859372,234.92999267578125,234.36463928222656,33498400,AAPL,-0.000553071063399746
2024-11-29,234.80999755859372,237.80999755859372,233.97000122070312,237.3300018310547,236.7588653564453,28481400,AAPL,0.01021584825308186
2024-12-02,237.2700042724609,240.7899932861328,237.16000366210935,239.58999633789065,239.013427734375,48137100,AAPL,0.009522582435425697
2024-12-03,239.80999755859372,242.75999450683597,238.8999938964844,242.6499938964844,242.06607055664065,38861000,AAPL,0.01277180852859261
2024-12-04,242.8699951171875,244.1100006103516,241.25,243.00999450683597,242.4252014160156,44383900,AAPL,0.0014836209330593153
2024-12-05,243.9900054931641,244.5399932861328,242.1300048828125,243.0399932861328,242.4551239013672,40033900,AAPL,0.00012344668933361724
2024-12-06,242.91000366210935,244.6300048828125,242.0800018310547,242.83999633789065,242.25559997558597,36870600,AAPL,-0.0008228972752097885
2024-12-09,241.8300018310547,247.2400054931641,241.75,246.75,246.1562042236328,44649200,AAPL,0.016101151873964437
2024-12-10,246.88999938964844,248.2100067138672,245.33999633789065,247.7700042724609,247.1737518310547,36914800,AAPL,0.004133755916761572
2024-12-11,247.9600067138672,250.8000030517578,246.25999450683597,246.4900054931641,245.89683532714844,45205800,AAPL,-0.005166076430661359
2024-12-12,246.88999938964844,248.7400054931641,245.67999267578125,247.9600067138672,247.36329650878903,32777500,AAPL,0.005963735599591624
2024-12-13,247.82000732421875,249.2899932861328,246.2400054931641,248.1300048828125,247.5328826904297,33155300,AAPL,0.0006855870476785153
2024-12-16,247.9900054931641,251.3800048828125,247.6499938964844,251.0399932861328,250.43588256835935,51694800,AAPL,0.011727676403724852
2024-12-17,250.0800018310547,253.8300018310547,249.77999877929688,253.47999572753903,252.8699951171875,51356400,AAPL,0.009719576588042456
2024-12-18,252.16000366210935,254.27999877929688,247.7400054931641,248.0500030517578,247.4530792236328,56774100,AAPL,-0.021421779893107673
2024-12-19,247.5,252.0,247.08999633789065,249.7899932861328,249.1888885498047,60882300,AAPL,0.007014675319362729
2024-12-20,248.0399932861328,255.0,245.69000244140625,254.4900054931641,253.87759399414065,147495300,AAPL,0.018815854651340835
2024-12-23,254.7700042724609,255.6499938964844,253.4499969482422,255.2700042724609,254.6557159423828,40858800,AAPL,0.0030649485734628445
2024-12-24,255.4900054931641,258.2099914550781,255.2899932861328,258.20001220703125,257.57867431640625,23234700,AAPL,0.011478073747525075
2024-12-26,258.19000244140625,260.1000061035156,257.6300048828125,259.0199890136719,258.39666748046875,27237100,AAPL,0.003175742710589624
2024-12-27,257.8299865722656,258.70001220703125,253.05999755859372,255.58999633789065,254.9749298095703,42355300,AAPL,-0.013242192962953814
2024-12-30,252.22999572753903,253.5,250.75,252.1999969482422,251.59307861328125,35557500,AAPL,-0.013263427513676596
2024-12-31,252.44000244140625,253.27999877929688,249.42999267578125,250.4199981689453,249.8173675537109,39480700,AAPL,-0.007057885808230857
2025-01-02,248.92999267578125,249.1000061035156,241.82000732421875,243.8500061035156,243.26319885253903,55740700,AAPL,-0.02623589215505573
2025-01-03,243.3600006103516,244.17999267578125,241.88999938964844,243.3600006103516,242.7743682861328,40244100,AAPL,-0.0020094545044054835
2025-01-06,244.30999755859372,247.3300018310547,243.1999969482422,245.0,244.4104156494141,45045600,AAPL,0.006738984983297502
2025-01-07,242.97999572753903,245.5500030517578,241.3500061035156,242.2100067138672,241.62713623046875,40856000,AAPL,-0.011387727698501271
2025-01-08,241.9199981689453,243.7100067138672,240.0500030517578,242.6999969482422,242.11595153808597,37628900,AAPL,0.0020229974847978394
2025-01-10,240.00999450683597,240.16000366210935,233.0,236.8500061035156,236.2800445556641,61710900,AAPL,-0.02410379447171629
2025-01-13,233.52999877929688,234.6699981689453,229.72000122070312,234.3999938964844,233.8359222412109,49630700,AAPL,-0.010344150913639494
2025-01-14,234.75,236.1199951171875,232.47000122070312,233.27999877929688,232.71861267089844,39435300,AAPL,-0.004778136289893209
2025-01-15,234.63999938964844,238.9600067138672,234.42999267578125,237.8699951171875,237.2975616455078,39832000,AAPL,0.019675910330543056
2025-01-16,237.3500061035156,238.00999450683597,228.02999877929688,228.25999450683597,227.710693359375,71759100,AAPL,-0.040400222002010544
2025-01-17,232.1199951171875,232.2899932861328,228.47999572753903,229.97999572753903,229.4265594482422,68488300,AAPL,0.007535272330218001
2025-01-21,224.0,224.4199981689453,219.3800048828125,222.63999938964844,222.10421752929688,98070400,AAPL,-0.031915803436166734
2025-01-22,219.7899932861328,224.1199951171875,219.7899932861328,223.8300018310547,223.29136657714844,64126500,AAPL,0.00534496247156202
2025-01-23,224.7400054931641,227.02999877929688,222.3000030517578,223.66000366210935,223.1217803955078,60234800,AAPL,-0.0007594967946864539
2025-01-24,224.77999877929688,225.6300048828125,221.41000366210935,222.77999877929688,222.24388122558597,54697900,AAPL,-0.003934565270516277
2025-01-27,224.0200042724609,232.1499938964844,223.97999572753903,229.8600006103516,229.30685424804688,94863400,AAPL,0.031780240011890504
2025-01-28,230.8500061035156,240.19000244140625,230.80999755859372,238.25999450683597,237.68663024902344,75707600,AAPL,0.036543956643956044
2025-01-29,234.1199951171875,239.8600006103516,234.00999450683597,239.3600006103516,238.7839813232422,45486100,AAPL,0.004616830894303092
2025-01-30,238.6699981689453,240.7899932861328,237.2100067138672,237.58999633789065,237.0182342529297,55658300,AAPL,-0.0073947370820001135
2025-01-31,247.19000244140625,247.19000244140625,233.44000244140625,236.0,235.4320831298828,100959800,AAPL,-0.006692185539787787
2025-02-03,229.9900054931641,231.8300018310547,225.6999969482422,228.00999450683597,227.46128845214844,73063300,AAPL,-0.03385595547950859
2025-02-04,227.25,233.1300048828125,226.6499938964844,232.8000030517578,232.23977661132807,45067300,AAPL,0.02100788851507218
2025-02-05,228.52999877929688,232.6699981689453,228.2700042724609,232.47000122070312,231.91058349609372,39620300,AAPL,-0.0014175336199687694
2025-02-06,231.2899932861328,233.8000030517578,230.42999267578125,233.22000122070312,232.6587677001953,29925300,AAPL,0.00322622272147699
2025-02-07,232.6000061035156,234.0,227.25999450683597,227.6300048828125,227.08221435546875,39707200,AAPL,-0.023968769010513147
2025-02-10,229.57000732421875,230.58999633789065,227.1999969482422,227.6499938964844,227.3518524169922,33115600,AAPL,8.781361526666309e-05
2025-02-11,228.1999969482422,235.22999572753903,228.1300048828125,232.6199951171875,232.3153533935547,53718400,AAPL,0.021831765227118938
2025-02-12,231.1999969482422,236.9600067138672,230.67999267578125,236.8699951171875,236.55978393554688,45243300,AAPL,0.018270140526221557
2025-02-13,236.91000366210935,242.33999633789065,235.57000732421875,241.52999877929688,241.21368408203125,53614100,AAPL,0.01967325435120615
2025-02-14,241.25,245.5500030517578,240.9900054931641,244.6000061035156,244.2796630859375,40896200,AAPL,0.012710666748373622
2025-02-18,244.1499938964844,245.17999267578125,241.83999633789065,244.47000122070312,244.14984130859372,48822500,AAPL,-0.0005314999164695022
2025-02-19,244.66000366210935,246.00999450683597,243.16000366210935,244.8699951171875,244.5493011474609,32204200,AAPL,0.001636167605379324
2025-02-20,244.94000244140625,246.77999877929688,244.2899932861328,245.8300018310547,245.508056640625,32316900,AAPL,0.003920475080696484
2025-02-21,245.9499969482422,248.69000244140625,245.22000122070312,245.5500030517578,245.2284240722656,53197400,AAPL,-0.001138993520771736
2025-02-24,244.92999267578125,248.8600006103516,244.4199981689453,247.1000061035156,246.77639770507807,51326400,AAPL,0.006312372357947238
2025-02-25,248.0,250.0,244.91000366210935,247.0399932861328,246.71646118164065,48013300,AAPL,-0.00024286853865007618
2025-02-26,244.3300018310547,244.97999572753903,239.1300048828125,240.3600006103516,240.0452117919922,44433600,AAPL,-0.02704012652738441
2025-02-27,239.41000366210935,242.4600067138672,237.05999755859372,237.3000030517578,236.98922729492188,41153600,AAPL,-0.012730893454915404
2025-02-28,236.9499969482422,242.08999633789065,230.1999969482422,241.83999633789065,241.5232696533203,56833400,AAPL,0.019131872009047646
2025-03-03,241.7899932861328,244.02999877929688,236.1100006103516,238.02999877929688,237.71826171875,47184000,AAPL,-0.01575420780800285
2025-03-04,237.7100067138672,240.07000732421875,234.67999267578125,235.92999267578125,235.6210174560547,53798100,AAPL,-0.00882244302938795
2025-03-05,235.4199981689453,236.5500030517578,229.22999572753903,235.7400054931641,235.4312744140625,47227600,AAPL,-0.0008052693108766551
2025-03-06,234.44000244140625,237.8600006103516,233.16000366210935,235.3300018310547,235.0218048095703,45170400,AAPL,-0.0017392197020258404
2025-03-07,235.1100006103516,241.3699951171875,234.75999450683597,239.07000732421875,238.7569122314453,46273600,AAPL,0.015892599600832114
2025-03-10,235.5399932861328,236.16000366210935,224.22000122070312,227.47999572753903,227.1820831298828,72071200,AAPL,-0.04847957184759577
2025-03-11,223.80999755859372,225.83999633789065,217.4499969482422,220.83999633789065,220.55078125,76137400,AAPL,-0.029189377151217055
2025-03-12,220.13999938964844,221.75,214.91000366210935,216.97999572753903,216.69583129882807,62547500,AAPL,-0.017478720677235104
2025-03-13,215.9499969482422,216.83999633789065,208.4199981689453,209.67999267578125,209.4053955078125,61368300,AAPL,-0.03364366852013567
2025-03-14,211.25,213.9499969482422,209.5800018310547,213.4900054931641,213.21041870117188,60107600,AAPL,0.018170607356297053
2025-03-17,213.30999755859372,215.22000122070312,209.97000122070312,214.0,213.71974182128903,48073400,AAPL,0.002388844881322738
2025-03-18,214.16000366210935,215.1499938964844,211.4900054931641,212.69000244140625,212.4114532470703,42432400,AAPL,-0.006121483918662407
2025-03-19,214.22000122070312,218.75999450683597,213.75,215.2400054931641,214.95811462402344,54385400,AAPL,0.011989294383784488
2025-03-20,213.9900054931641,217.4900054931641,212.22000122070312,214.1000061035156,213.81961059570312,48862900,AAPL,-0.005296410335227875
2025-03-21,211.55999755859372,218.83999633789065,211.27999877929688,218.2700042724609,217.9841461181641,94127800,AAPL,0.019476870855058115
2025-03-24,221.0,221.47999572753903,218.5800018310547,220.72999572753903,220.44091796875,44299500,AAPL,0.011270405492856295
2025-03-25,220.7700042724609,224.1000061035156,220.0800018310547,223.75,223.45697021484372,34493600,AAPL,0.013681893403326706
2025-03-26,223.50999450683597,225.0200042724609,220.47000122070312,221.52999877929688,221.2398681640625,34466100,AAPL,-0.009921793165153625
2025-03-27,221.38999938964844,224.9900054931641,220.55999755859372,223.8500061035156,223.5568389892578,37094800,AAPL,0.010472655337889769
2025-03-28,221.6699981689453,223.80999755859372,217.67999267578125,217.8999938964844,217.6146240234375,39818600,AAPL,-0.026580353115021604
2025-03-31,217.00999450683597,225.6199951171875,216.22999572753903,222.1300048828125,221.83909606933597,65299300,AAPL,0.019412625538381745
2025-04-01,219.80999755859372,223.67999267578125,218.8999938964844,223.19000244140625,222.897705078125,36412700,AAPL,0.0047719692760685994
2025-04-02,221.32000732421875,225.19000244140625,221.0200042724609,223.88999938964844,223.59678649902344,35905900,AAPL,0.003136327526256366
2025-04-03,205.5399932861328,207.4900054931641,201.25,203.19000244140625,202.9239044189453,103419000,AAPL,-0.09245610346452682
2025-04-04,193.88999938964844,199.8800048828125,187.33999633789065,188.3800048828125,188.13330078125,125910900,AAPL,-0.07288743235713335
2025-04-07,177.1999969482422,194.1499938964844,174.6199951171875,181.4600067138672,181.2223663330078,160466300,AAPL,-0.036734249865053914
2025-04-08,186.6999969482422,190.33999633789065,169.2100067138672,172.4199981689453,172.19419860839844,120859500,AAPL,-0.049818186985832624
2025-04-09,171.9499969482422,200.6100006103516,171.88999938964844,198.8500061035156,198.58958435058597,184395900,AAPL,0.15328852926139636
2025-04-10,189.07000732421875,194.77999877929688,183.0,190.4199981689453,190.17062377929688,121880000,AAPL,-0.04239380274487825
2025-04-11,186.1000061035156,199.5399932861328,186.05999755859372,198.1499938964844,197.89048767089844,87435900,AAPL,0.04059445332354672
2025-04-14,211.44000244140625,212.94000244140625,201.16000366210935,202.5200042724609,202.25477600097656,101352900,AAPL,0.02205405253890369
2025-04-15,201.8600006103516,203.50999450683597,199.8000030517578,202.13999938964844,201.87527465820312,51343900,AAPL,-0.0018763819612666044
2025-04-16,198.3600006103516,200.6999969482422,192.3699951171875,194.2700042724609,194.0155792236328,59732400,AAPL,-0.03893338844835548
2025-04-17,197.1999969482422,198.8300018310547,194.4199981689453,196.97999572753903,196.72203063964844,52164700,AAPL,0.013949613401343264
2025-04-21,193.2700042724609,193.8000030517578,189.80999755859372,193.16000366210935,192.9070281982422,46742500,AAPL,-0.019392791899099593
2025-04-22,196.1199951171875,201.58999633789065,195.97000122070312,199.7400054931641,199.4784240722656,52976400,AAPL,0.03406503264808891
2025-04-23,206.0,208.0,202.8000030517578,204.6000061035156,204.33206176757807,52929200,AAPL,0.024331633507028494
2025-04-24,204.88999938964844,208.8300018310547,202.94000244140625,208.3699951171875,208.09710693359372,47311000,AAPL,0.01842614321215863
2025-04-25,206.3699951171875,209.75,206.1999969482422,209.27999877929688,209.00592041015625,38222300,AAPL,0.0043672490446504675
2025-04-28,210.0,211.5,207.4600067138672,210.13999938964844,209.8647918701172,38743100,AAPL,0.0041093301575299
2025-04-29,208.69000244140625,212.2400054931641,208.3699951171875,211.2100067138672,210.9333953857422,36827600,AAPL,0.005091878401668248
2025-04-30,209.3000030517578,213.5800018310547,206.6699981689453,212.5,212.22171020507807,52286500,AAPL,0.006107633374967891
2025-05-01,209.0800018310547,214.55999755859372,208.8999938964844,213.32000732421875,213.04063415527344,57365700,AAPL,0.0038588579963234615
2025-05-02,206.08999633789065,206.9900054931641,202.16000366210935,205.3500061035156,205.08106994628903,101010600,AAPL,-0.03736171454649251
2025-05-05,203.1000061035156,204.1000061035156,198.2100067138672,198.88999938964844,198.6295318603516,69018500,AAPL,-0.03145851727226501
2025-05-06,198.2100067138672,200.6499938964844,197.0200042724609,198.50999450683597,198.25001525878903,51216500,AAPL,-0.0019106284075550706
2025-05-07,199.1699981689453,199.44000244140625,193.25,196.25,195.99298095703125,68536700,AAPL,-0.01138478952886246
2025-05-08,197.72000122070312,200.0500030517578,194.67999267578125,197.4900054931641,197.2313690185547,50478900,AAPL,0.006318499328224592
2025-05-09,199.0,200.5399932861328,197.5399932861328,198.52999877929688,198.2700042724609,36453900,AAPL,0.0052660552797887394
2025-05-12,210.97000122070312,211.2700042724609,206.75,210.7899932861328,210.7899932861328,63775800,AAPL,0.06175386381009962
2025-05-13,210.42999267578125,213.3999938964844,209.0,212.92999267578125,212.92999267578125,51909300,AAPL,0.010152281691776288
2025-05-14,212.42999267578125,213.94000244140625,210.5800018310547,212.3300018310547,212.3300018310547,49325800,AAPL,-0.0028177845553216674
2025-05-15,210.9499969482422,212.9600067138672,209.5399932861328,211.4499969482422,211.4499969482422,45029500,AAPL,-0.004144515024837148
2025-05-16,212.3600006103516,212.57000732421875,209.7700042724609,211.25999450683597,211.25999450683597,54737900,AAPL,-0.0008985691376137694
2025-05-19,207.91000366210935,209.47999572753903,204.25999450683597,208.77999877929688,208.77999877929688,46140500,AAPL,-0.011739069355409137
2025-05-20,207.6699981689453,208.47000122070312,205.02999877929688,206.8600006103516,206.8600006103516,42496600,AAPL,-0.009196274452395903
2025-05-21,205.1699981689453,207.0399932861328,200.7100067138672,202.08999633789065,202.08999633789065,59211800,AAPL,-0.02305909435553888
2025-05-22,200.7100067138672,202.75,199.6999969482422,201.3600006103516,201.3600006103516,46742400,AAPL,-0.003612230891026025
2025-05-23,193.6699981689453,197.6999969482422,193.4600067138672,195.2700042724609,195.2700042724609,78432900,AAPL,-0.03024432021966139
2025-05-27,198.3000030517578,200.7400054931641,197.42999267578125,200.2100067138672,200.2100067138672,56288500,AAPL,0.025298316860348224
2025-05-28,200.58999633789065,202.72999572753903,199.8999938964844,200.4199981689453,200.4199981689453,45339700,AAPL,0.0010488559414427723
2025-05-29,203.5800018310547,203.80999755859372,198.50999450683597,199.9499969482422,199.9499969482422,51396800,AAPL,-0.0023450814539321962
2025-05-30,199.3699951171875,201.9600067138672,196.77999877929688,200.8500061035156,200.8500061035156,70819900,AAPL,0.0045011711378339925
2025-06-02,200.27999877929688,202.1300048828125,200.1199951171875,201.6999969482422,201.6999969482422,35423300,AAPL,0.004231968229508221
2025-06-03,201.3500061035156,203.7700042724609,200.9600067138672,203.2700042724609,203.2700042724609,46381600,AAPL,0.0077838738124602624
2025-06-04,202.91000366210935,206.2400054931641,202.1000061035156,202.82000732421875,202.82000732421875,43604000,AAPL,-0.0022137892398476078
2025-06-05,203.5,204.75,200.1499938964844,200.6300048828125,200.6300048828125,55126100,AAPL,-0.010797763348392997
2025-06-06,203.0,205.6999969482422,202.0500030517578,203.9199981689453,203.9199981689453,46607700,AAPL,0.0163983113495636
2025-06-09,204.38999938964844,206.0,200.0200042724609,201.4499969482422,201.4499969482422,72862600,AAPL,-0.012112599268742419
2025-06-10,200.6000061035156,204.3500061035156,200.57000732421875,202.6699981689453,202.6699981689453,54672600,AAPL,0.0060560994747325125
2025-06-11,203.5,204.5,198.41000366210935,198.77999877929688,198.77999877929688,60989900,AAPL,-0.019193760422328232
2025-06-12,199.0800018310547,199.67999267578125,197.3600006103516,199.1999969482422,199.1999969482422,43904600,AAPL,0.002112879422097258
2025-06-13,199.72999572753903,200.3699951171875,195.6999969482422,196.4499969482422,196.4499969482422,51447300,AAPL,-0.013805221095031128
2025-06-16,197.3000030517578,198.69000244140625,196.55999755859372,198.4199981689453,198.4199981689453,43020700,AAPL,0.010028003315378786
2025-06-17,197.1999969482422,198.38999938964844,195.2100067138672,195.63999938964844,195.63999938964844,38856200,AAPL,-0.014010678383989505
2025-06-18,195.94000244140625,197.57000732421875,195.07000732421875,196.5800018310547,196.5800018310547,45394700,AAPL,0.004804755900321256
2025-06-20,198.2400054931641,201.6999969482422,196.8600006103516,201.0,201.0,96813500,AAPL,0.022484475164182616
2025-06-23,201.6300048828125,202.3000030517578,198.9600067138672,201.5,201.5,55814300,AAPL,0.0024875621890547706
2025-06-24,202.58999633789065,203.44000244140625,200.1999969482422,200.3000030517578,200.3000030517578,54064000,AAPL,-0.005955319842392948
2025-06-25,201.4499969482422,203.6699981689453,200.6199951171875,201.55999755859372,201.55999755859372,39525700,AAPL,0.0062905366332437485
2025-06-26,201.42999267578125,202.63999938964844,199.4600067138672,201.0,201.0,50799100,AAPL,-0.002778316954637483
2025-06-27,201.88999938964844,203.22000122070312,200.0,201.0800018310547,201.0800018310547,73188600,AAPL,0.00039801905997349785
2025-06-30,202.00999450683597,207.38999938964844,199.25999450683597,205.1699981689453,205.1699981689453,91912800,AAPL,0.020340144721736175
2025-07-01,206.6699981689453,210.19000244140625,206.13999938964844,207.82000732421875,207.82000732421875,78788900,AAPL,0.012916163079025322
2025-07-02,208.91000366210935,213.33999633789065,208.13999938964844,212.44000244140625,212.44000244140625,67941800,AAPL,0.022230752354752248
2025-07-03,212.1499938964844,214.6499938964844,211.80999755859372,213.5500030517578,213.5500030517578,34955800,AAPL,0.005225007520218483
2025-07-07,212.67999267578125,216.22999572753903,208.8000030517578,209.9499969482422,209.9499969482422,50229000,AAPL,-0.016857907057220234
2025-07-08,210.1000061035156,211.42999267578125,208.4499969482422,210.00999450683597,210.00999450683597,42848900,AAPL,0.00028577070476720756
2025-07-09,209.52999877929688,211.3300018310547,207.22000122070312,211.13999938964844,211.13999938964844,48749400,AAPL,0.0053807195484483206
2025-07-10,210.50999450683597,213.47999572753903,210.02999877929688,212.41000366210935,212.41000366210935,44443600,AAPL,0.0060149866256140605
2025-07-11,210.57000732421875,212.1300048828125,209.8600006103516,211.16000366210935,211.16000366210935,39765800,AAPL,-0.005884845244805148
2025-07-14,209.92999267578125,210.91000366210935,207.5399932861328,208.6199951171875,208.6199951171875,38840100,AAPL,-0.01202883359003093
2025-07-15,209.22000122070312,211.88999938964844,208.9199981689453,209.1100006103516,209.1100006103516,42296300,AAPL,0.0023487944810316463
2025-07-16,210.3000030517578,212.3999938964844,208.63999938964844,210.16000366210935,210.16000366210935,47490500,AAPL,0.0050212952450527926
2025-07-17,210.57000732421875,211.8000030517578,209.58999633789065,210.0200042724609,210.0200042724609,48068100,AAPL,-0.0006661562010320532
2025-07-18,210.8699951171875,211.7899932861328,209.6999969482422,211.17999267578125,211.17999267578125,48974600,AAPL,0.005523228167424898
2025-07-21,212.1000061035156,215.77999877929688,211.6300048828125,212.47999572753903,212.47999572753903,51377400,AAPL,0.006155900638530776
2025-07-22,213.13999938964844,214.9499969482422,212.22999572753903,214.3999938964844,214.3999938964844,46404100,AAPL,0.009036136142469342
2025-07-23,215.0,215.1499938964844,212.41000366210935,214.1499938964844,214.1499938964844,46989300,AAPL,-0.0011660448093142595
2025-07-24,213.8999938964844,215.69000244140625,213.52999877929688,213.75999450683597,213.75999450683597,46022600,AAPL,-0.0018211505989440546
2025-07-25,214.6999969482422,215.2400054931641,213.3999938964844,213.8800048828125,213.8800048828125,40268800,AAPL,0.0005614258002457628
2025-07-28,214.02999877929688,214.8500061035156,213.05999755859372,214.0500030517578,214.0500030517578,37858000,AAPL,0.0007948296477664485
2025-07-29,214.17999267578125,214.80999755859372,210.82000732421875,211.2700042724609,211.2700042724609,51411700,AAPL,-0.012987613826965005
2025-07-30,211.8999938964844,212.38999938964844,207.72000122070312,209.0500030517578,209.0500030517578,45512500,AAPL,-0.010507886476113781
2025-07-31,208.4900054931641,209.83999633789065,207.16000366210935,207.57000732421875,207.57000732421875,80698400,AAPL,-0.007079625476841711
2025-08-01,210.8699951171875,213.5800018310547,201.5,202.3800048828125,202.3800048828125,104301700,AAPL,-0.025003624118486445
